<?xml version="1.0" encoding="UTF-8"?>
<beans xmlns="http://www.springframework.org/schema/beans"
	xmlns:context="http://www.springframework.org/schema/context"
	xmlns:xsi="http://www.w3.org/2001/XMLSchema-instance"
	xmlns:mvc="http://www.springframework.org/schema/mvc"
		xmlns:jdbc="http://www.springframework.org/schema/jdbc"	
	xsi:schemaLocation="
        http://www.springframework.org/schema/beans
        http://www.springframework.org/schema/beans/spring-beans.xsd
           http://www.springframework.org/schema/jdbc 
	http://www.springframework.org/schema/jdbc/spring-jdbc.xsd
        http://www.springframework.org/schema/context
        http://www.springframework.org/schema/context/spring-context.xsd">
        
        <context:component-scan base-package="com.demo"></context:component-scan>
    <bean id="jobRepository"
	class="org.springframework.batch.core.repository.support.JobRepositoryFactoryBean">
		<property name="dataSource" ref="dataSource" />
		<property name="transactionManager" ref="transactionManager" />
		<property name="databaseType" value="hsql" />
  	</bean>
  	
  	
  	<bean id="jobLauncher"
	class="org.springframework.batch.core.launch.support.SimpleJobLauncher">
		<property name="jobRepository" ref="jobRepository" />
  	</bean>
  	
    <bean id="transactionManager"
	class="org.springframework.batch.support.transaction.ResourcelessTransactionManager" />
	
	<bean id="dataSource" class="org.apache.commons.dbcp.BasicDataSource"
		lazy-init="true" destroy-method="close">
		<property name="driverClassName" value="org.hsqldb.jdbcDriver" />
		<property name="url"
			value="jdbc:hsqldb:file:src/main/resources/hsqldb/batchcore.db;shutdown=true;" />		
		<property name="username" value="sa" />
		<property name="password" value="" />
	</bean>
	
	
	<!-- Create meta-tables -->
	<jdbc:initialize-database data-source="dataSource">
	    <jdbc:script location="classpath:hsqldb/initial-query.sql" />
		<jdbc:script location="org/springframework/batch/core/schema-drop-hsqldb.sql" />
		<jdbc:script location="org/springframework/batch/core/schema-hsqldb.sql" />
    </jdbc:initialize-database>
	
</beans>